﻿,date,stock,order,volumn,price,GrossAmount,comm.,vat,AmountDue,FirstName,LastName,aqt,Fullname
29,10/04/2023,JTS,B,800,34.00,"27,200.00",27.74,1.94,"27,229.68",พันธสัญญ์,ภูมิบรรเจิด,not_found,พันธสัญญ์ ภูมิบรรเจิด
30,10/04/2023,TU,S,"1,000",13.36,"13,360.00",13.63,0.96,"13,345.41",พันธสัญญ์,ภูมิบรรเจิด,not_found,พันธสัญญ์ ภูมิบรรเจิด
31,11/04/2023,JTS,S,800,35.75,"28,600.00",29.18,2.04,"28,568.78",พันธสัญญ์,ภูมิบรรเจิด,not_found,พันธสัญญ์ ภูมิบรรเจิด
33,12/04/2023,PROEN,B,"6,800",6.25,"42,500.00",43.36,3.04,"42,546.40",พันธสัญญ์,ภูมิบรรเจิด,not_found,พันธสัญญ์ ภูมิบรรเจิด
34,12/04/2023,SICT,B,"4,000",10.40,"41,600.00",42.44,2.97,"41,645.41",พันธสัญญ์,ภูมิบรรเจิด,not_found,พันธสัญญ์ ภูมิบรรเจิด
35,12/04/2023,SICT,S,"4,000",10.60,"42,400.00",43.24,3.02,"42,353.74",พันธสัญญ์,ภูมิบรรเจิด,not_found,พันธสัญญ์ ภูมิบรรเจิด
