﻿,date,stock,order,volumn,price,GrossAmount,comm.,vat,AmountDue,FirstName,LastName,aqt,Fullname
8,11/04/2023,LH,B,200,9.85,"1,970.00",1.62,0.11,"1,971.73",อภิชัย,วงศ์ตรีรัตนชัย,โอปอ,อภิชัย วงศ์ตรีรัตนชัย
9,11/04/2023,MTC,B,"1,000",36.25,"36,250.00",29.72,2.08,"36,281.80",อภิชัย,วงศ์ตรีรัตนชัย,โอปอ,อภิชัย วงศ์ตรีรัตนชัย
19,17/04/2023,ARIP,B,"10,000",1.48,"14,800.00",12.14,0.85,"14,812.99",อภิชัย,วงศ์ตรีรัตนชัย,โอปอ,อภิชัย วงศ์ตรีรัตนชัย
20,17/04/2023,LH,B,800,9.90,"7,920.00",6.49,0.45,"7,926.94",อภิชัย,วงศ์ตรีรัตนชัย,โอปอ,อภิชัย วงศ์ตรีรัตนชัย
