﻿,date,stock,order,volumn,price,GrossAmount,comm.,vat,AmountDue,FirstName,LastName,aqt,Fullname
3,10/04/2023,ARIP,B,"50,000",1.34,"67,000.00",58.29,4.08,"67,062.37",เสาวนี,จงวัฒนานุกูล,โอปอ,เสาวนี จงวัฒนานุกูล
13,12/04/2023,ARIP,S,"50,000",1.34,"67,000.00",58.29,4.08,"66,937.63",เสาวนี,จงวัฒนานุกูล,โอปอ,เสาวนี จงวัฒนานุกูล
21,17/04/2023,AU,B,"5,000",11.10,"55,500.00",48.29,3.38,"55,551.67",เสาวนี,จงวัฒนานุกูล,โอปอ,เสาวนี จงวัฒนานุกูล
22,17/04/2023,CRC,B,"1,000",44.75,"44,750.00",38.94,2.73,"44,791.67",เสาวนี,จงวัฒนานุกูล,โอปอ,เสาวนี จงวัฒนานุกูล
23,17/04/2023,AU,S,"5,000",11.20,"56,000.00",48.72,3.41,"55,947.87",เสาวนี,จงวัฒนานุกูล,โอปอ,เสาวนี จงวัฒนานุกูล
24,17/04/2023,SPRC,S,"5,000",10.60,"53,000.00",46.10,3.22,"52,950.68",เสาวนี,จงวัฒนานุกูล,โอปอ,เสาวนี จงวัฒนานุกูล
