﻿,date,stock,order,volumn,price,GrossAmount,comm.,vat,AmountDue,FirstName,LastName,aqt,Fullname
1,10/04/2023,DEXON,B,"8,000",4.30,"34,360.00",29.89,2.09,"34,391.98",อนุสรา,นพกาศ,โอปอ,อนุสรา นพกาศ
4,11/04/2023,AMATA,B,800,23.00,"18,400.00",16.00,1.12,"18,417.12",อนุสรา,นพกาศ,โอปอ,อนุสรา นพกาศ
5,11/04/2023,BCH,B,"1,500",21.30,"31,950.00",27.80,1.95,"31,979.75",อนุสรา,นพกาศ,โอปอ,อนุสรา นพกาศ
6,11/04/2023,ROJNA,B,"2,400",6.43,"15,430.00",13.42,0.94,"15,444.36",อนุสรา,นพกาศ,โอปอ,อนุสรา นพกาศ
7,11/04/2023,DEXON,S,"8,000",4.26,"34,080.00",29.66,2.07,"34,048.27",อนุสรา,นพกาศ,โอปอ,อนุสรา นพกาศ
11,12/04/2023,BRR-W2,B,500,1.58,790.00,0.69,0.05,790.74,อนุสรา,นพกาศ,โอปอ,อนุสรา นพกาศ
12,12/04/2023,BRR-W2,S,500,1.50,749.00,0.65,0.04,748.31,อนุสรา,นพกาศ,โอปอ,อนุสรา นพกาศ
15,17/04/2023,THANI,B,"4,000",3.83,"15,320.00",13.33,0.93,"15,334.26",อนุสรา,นพกาศ,โอปอ,อนุสรา นพกาศ
16,17/04/2023,AMATA,S,800,23.60,"18,880.00",16.42,1.15,"18,862.43",อนุสรา,นพกาศ,โอปอ,อนุสรา นพกาศ
17,17/04/2023,BCH,S,500,21.80,"10,900.00",9.48,0.66,"10,889.86",อนุสรา,นพกาศ,โอปอ,อนุสรา นพกาศ
18,17/04/2023,ROJNA,S,"2,400",6.60,"15,840.00",13.79,0.97,"15,825.24",อนุสรา,นพกาศ,โอปอ,อนุสรา นพกาศ
